Tanggal,Harga_Beras,Inflasi,Prediksi
01/06/2021,11200,0.0133,
02/06/2021,11200,0.0133,
03/06/2021,11200,0.0133,
04/06/2021,11200,0.0133,
05/06/2021,11200,0.0133,
06/06/2021,11200,0.0133,
07/06/2021,11200,0.0133,
08/06/2021,11200,0.0133,
09/06/2021,11200,0.0133,
10/06/2021,11200,0.0133,
11/06/2021,11200,0.0133,
12/06/2021,11200,0.0133,
13/06/2021,11200,0.0133,
14/06/2021,11200,0.0133,
15/06/2021,11200,0.0133,
16/06/2021,11200,0.0133,
17/06/2021,11200,0.0133,
18/06/2021,11200,0.0133,
19/06/2021,11200,0.0133,
20/06/2021,11200,0.0133,
21/06/2021,11200,0.0133,
22/06/2021,11200,0.0133,
23/06/2021,11200,0.0133,
24/06/2021,11200,0.0133,
25/06/2021,11200,0.0133,
26/06/2021,11200,0.0133,
27/06/2021,11200,0.0133,
28/06/2021,11200,0.0133,
29/06/2021,11200,0.0133,
30/06/2021,11200,0.0133,
01/07/2021,11200,0.0152,
02/07/2021,11200,0.0152,
03/07/2021,11200,0.0152,
04/07/2021,11200,0.0152,
05/07/2021,11200,0.0152,
06/07/2021,11200,0.0152,
07/07/2021,11200,0.0152,
08/07/2021,11200,0.0152,
09/07/2021,11200,0.0152,
10/07/2021,11200,0.0152,
11/07/2021,11200,0.0152,
12/07/2021,11200,0.0152,
13/07/2021,11200,0.0152,
14/07/2021,11200,0.0152,
15/07/2021,11200,0.0152,
16/07/2021,11200,0.0152,
17/07/2021,11200,0.0152,
18/07/2021,11200,0.0152,
19/07/2021,11200,0.0152,
20/07/2021,11200,0.0152,
21/07/2021,11200,0.0152,
22/07/2021,11200,0.0152,
23/07/2021,11200,0.0152,
24/07/2021,11200,0.0152,
25/07/2021,11200,0.0152,
26/07/2021,11150,0.0152,
27/07/2021,11150,0.0152,
28/07/2021,11150,0.0152,
29/07/2021,11150,0.0152,
30/07/2021,11150,0.0152,
31/07/2021,11150,0.0152,
01/08/2021,11150,0.0159,
02/08/2021,11150,0.0159,
03/08/2021,11150,0.0159,
04/08/2021,11150,0.0159,
05/08/2021,11150,0.0159,
06/08/2021,11150,0.0159,
07/08/2021,11150,0.0159,
08/08/2021,11150,0.0159,
09/08/2021,11150,0.0159,
10/08/2021,11150,0.0159,
11/08/2021,11150,0.0159,
12/08/2021,11150,0.0159,
13/08/2021,11150,0.0159,
14/08/2021,11150,0.0159,
15/08/2021,11150,0.0159,
16/08/2021,11150,0.0159,
17/08/2021,11150,0.0159,
18/08/2021,11150,0.0159,
19/08/2021,11150,0.0159,
20/08/2021,11150,0.0159,
21/08/2021,11150,0.0159,
22/08/2021,11150,0.0159,
23/08/2021,11150,0.0159,
24/08/2021,11150,0.0159,
25/08/2021,11150,0.0159,
26/08/2021,11150,0.0159,
27/08/2021,11150,0.0159,
28/08/2021,11150,0.0159,
29/08/2021,11150,0.0159,
30/08/2021,11150,0.0159,
31/08/2021,11150,0.0159,
01/09/2021,11150,0.016,
02/09/2021,11150,0.016,
03/09/2021,11150,0.016,
04/09/2021,11150,0.016,
05/09/2021,11150,0.016,
06/09/2021,11150,0.016,
07/09/2021,11150,0.016,
08/09/2021,11150,0.016,
09/09/2021,11150,0.016,
10/09/2021,11150,0.016,
11/09/2021,11150,0.016,
12/09/2021,11150,0.016,
13/09/2021,11150,0.016,
14/09/2021,11150,0.016,
15/09/2021,11150,0.016,
16/09/2021,11150,0.016,
17/09/2021,11150,0.016,
18/09/2021,11150,0.016,
19/09/2021,11150,0.016,
20/09/2021,11150,0.016,
21/09/2021,11150,0.016,
22/09/2021,11150,0.016,
23/09/2021,11150,0.016,
24/09/2021,11150,0.016,
25/09/2021,11150,0.016,
26/09/2021,11150,0.016,
27/09/2021,11150,0.016,
28/09/2021,11150,0.016,
29/09/2021,11150,0.016,
30/09/2021,11150,0.016,
01/10/2021,11150,0.0166,
02/10/2021,11150,0.0166,
03/10/2021,11150,0.0166,
04/10/2021,11150,0.0166,
05/10/2021,11150,0.0166,
06/10/2021,11150,0.0166,
07/10/2021,11150,0.0166,
08/10/2021,11150,0.0166,
09/10/2021,11150,0.0166,
10/10/2021,11150,0.0166,
11/10/2021,11150,0.0166,
12/10/2021,11150,0.0166,
13/10/2021,11150,0.0166,
14/10/2021,11150,0.0166,
15/10/2021,11150,0.0166,
16/10/2021,11150,0.0166,
17/10/2021,11150,0.0166,
18/10/2021,11150,0.0166,
19/10/2021,11150,0.0166,
20/10/2021,11150,0.0166,
21/10/2021,11150,0.0166,
22/10/2021,11150,0.0166,
23/10/2021,11150,0.0166,
24/10/2021,11150,0.0166,
25/10/2021,11150,0.0166,
26/10/2021,11150,0.0166,
27/10/2021,11150,0.0166,
28/10/2021,11150,0.0166,
29/10/2021,11150,0.0166,
30/10/2021,11150,0.0166,
31/10/2021,11150,0.0166,
01/11/2021,11150,0.0175,
02/11/2021,11150,0.0175,
03/11/2021,11150,0.0175,
04/11/2021,11150,0.0175,
05/11/2021,11150,0.0175,
06/11/2021,11150,0.0175,
07/11/2021,11150,0.0175,
08/11/2021,11150,0.0175,
09/11/2021,11150,0.0175,
10/11/2021,11150,0.0175,
11/11/2021,11150,0.0175,
12/11/2021,11150,0.0175,
13/11/2021,11150,0.0175,
14/11/2021,11150,0.0175,
15/11/2021,11150,0.0175,
16/11/2021,11150,0.0175,
17/11/2021,11150,0.0175,
18/11/2021,11150,0.0175,
19/11/2021,11150,0.0175,
20/11/2021,11150,0.0175,
21/11/2021,11150,0.0175,
22/11/2021,11150,0.0175,
23/11/2021,11150,0.0175,
24/11/2021,11150,0.0175,
25/11/2021,11150,0.0175,
26/11/2021,11150,0.0175,
27/11/2021,11150,0.0175,
28/11/2021,11150,0.0175,
29/11/2021,11150,0.0175,
30/11/2021,11200,0.0175,
01/12/2021,11150,0.0187,
02/12/2021,11150,0.0187,
03/12/2021,11150,0.0187,
04/12/2021,11150,0.0187,
05/12/2021,11150,0.0187,
06/12/2021,11150,0.0187,
07/12/2021,11200,0.0187,
08/12/2021,11200,0.0187,
09/12/2021,11200,0.0187,
10/12/2021,11200,0.0187,
11/12/2021,11200,0.0187,
12/12/2021,11200,0.0187,
13/12/2021,11200,0.0187,
14/12/2021,11200,0.0187,
15/12/2021,11200,0.0187,
16/12/2021,11250,0.0187,
17/12/2021,11250,0.0187,
18/12/2021,11250,0.0187,
19/12/2021,11250,0.0187,
20/12/2021,11250,0.0187,
21/12/2021,11250,0.0187,
22/12/2021,11250,0.0187,
23/12/2021,11250,0.0187,
24/12/2021,11250,0.0187,
25/12/2021,11750,0.0187,
26/12/2021,11750,0.0187,
27/12/2021,11750,0.0187,
28/12/2021,11250,0.0187,
29/12/2021,11300,0.0187,
30/12/2021,11250,0.0187,
31/12/2021,11250,0.0187,
01/01/2022,11250,0.0218,
02/01/2022,11250,0.0218,
03/01/2022,11250,0.0218,
04/01/2022,11300,0.0218,
05/01/2022,11300,0.0218,
06/01/2022,11300,0.0218,
07/01/2022,11300,0.0218,
08/01/2022,11300,0.0218,
09/01/2022,11300,0.0218,
10/01/2022,11300,0.0218,
11/01/2022,11300,0.0218,
12/01/2022,11300,0.0218,
13/01/2022,11300,0.0218,
14/01/2022,11300,0.0218,
15/01/2022,11300,0.0218,
16/01/2022,11350,0.0218,
17/01/2022,11350,0.0218,
18/01/2022,11350,0.0218,
19/01/2022,11350,0.0218,
20/01/2022,11350,0.0218,
21/01/2022,11350,0.0218,
22/01/2022,11350,0.0218,
23/01/2022,11350,0.0218,
24/01/2022,11350,0.0218,
25/01/2022,11350,0.0218,
26/01/2022,11350,0.0218,
27/01/2022,11850,0.0218,
28/01/2022,11350,0.0218,
29/01/2022,11350,0.0218,
30/01/2022,11350,0.0218,
31/01/2022,11350,0.0218,
01/02/2022,11350,0.0206,
02/02/2022,11350,0.0206,
03/02/2022,11350,0.0206,
04/02/2022,11350,0.0206,
05/02/2022,11350,0.0206,
06/02/2022,11350,0.0206,
07/02/2022,11350,0.0206,
08/02/2022,11350,0.0206,
09/02/2022,11350,0.0206,
10/02/2022,11350,0.0206,
11/02/2022,11350,0.0206,
12/02/2022,11350,0.0206,
13/02/2022,11350,0.0206,
14/02/2022,11350,0.0206,
15/02/2022,11350,0.0206,
16/02/2022,11350,0.0206,
17/02/2022,11350,0.0206,
18/02/2022,11350,0.0206,
19/02/2022,11350,0.0206,
20/02/2022,11350,0.0206,
21/02/2022,11350,0.0206,
22/02/2022,11350,0.0206,
23/02/2022,11350,0.0206,
24/02/2022,11350,0.0206,
25/02/2022,11350,0.0206,
26/02/2022,11350,0.0206,
27/02/2022,11350,0.0206,
28/02/2022,11350,0.0206,
01/03/2022,11350,0.0264,
02/03/2022,11350,0.0264,
03/03/2022,11350,0.0264,
04/03/2022,11350,0.0264,
05/03/2022,11350,0.0264,
06/03/2022,11350,0.0264,
07/03/2022,11350,0.0264,
08/03/2022,11350,0.0264,
09/03/2022,11350,0.0264,
10/03/2022,11350,0.0264,
11/03/2022,11350,0.0264,
12/03/2022,11350,0.0264,
13/03/2022,11350,0.0264,
14/03/2022,11350,0.0264,
15/03/2022,11350,0.0264,
16/03/2022,11350,0.0264,
17/03/2022,11350,0.0264,
18/03/2022,11350,0.0264,
19/03/2022,11350,0.0264,
20/03/2022,11350,0.0264,
21/03/2022,11350,0.0264,
22/03/2022,11350,0.0264,
23/03/2022,11350,0.0264,
24/03/2022,11350,0.0264,
25/03/2022,11350,0.0264,
26/03/2022,11350,0.0264,
27/03/2022,11350,0.0264,
28/03/2022,11350,0.0264,
29/03/2022,11350,0.0264,
30/03/2022,11350,0.0264,
31/03/2022,11350,0.0264,
01/04/2022,11350,0.0347,
02/04/2022,11350,0.0347,
03/04/2022,11350,0.0347,
04/04/2022,11350,0.0347,
05/04/2022,11350,0.0347,
06/04/2022,11350,0.0347,
07/04/2022,11350,0.0347,
08/04/2022,11350,0.0347,
09/04/2022,11350,0.0347,
10/04/2022,11350,0.0347,
11/04/2022,11350,0.0347,
12/04/2022,11350,0.0347,
13/04/2022,11350,0.0347,
14/04/2022,11350,0.0347,
15/04/2022,11350,0.0347,
16/04/2022,11350,0.0347,
17/04/2022,11350,0.0347,
18/04/2022,11350,0.0347,
19/04/2022,11350,0.0347,
20/04/2022,11350,0.0347,
21/04/2022,11350,0.0347,
22/04/2022,11350,0.0347,
23/04/2022,11350,0.0347,
24/04/2022,11350,0.0347,
25/04/2022,11350,0.0347,
26/04/2022,11350,0.0347,
27/04/2022,11350,0.0347,
28/04/2022,11350,0.0347,
29/04/2022,11350,0.0347,
30/04/2022,11350,0.0347,
01/05/2022,11350,0.0355,
02/05/2022,11350,0.0355,
03/05/2022,11350,0.0355,
04/05/2022,11350,0.0355,
05/05/2022,11350,0.0355,
06/05/2022,11350,0.0355,
07/05/2022,11350,0.0355,
08/05/2022,11350,0.0355,
09/05/2022,11350,0.0355,
10/05/2022,11350,0.0355,
11/05/2022,11350,0.0355,
12/05/2022,11350,0.0355,
13/05/2022,11350,0.0355,
14/05/2022,11350,0.0355,
15/05/2022,11350,0.0355,
16/05/2022,11350,0.0355,
17/05/2022,11350,0.0355,
18/05/2022,11350,0.0355,
19/05/2022,11350,0.0355,
20/05/2022,11350,0.0355,
21/05/2022,11350,0.0355,
22/05/2022,11350,0.0355,
23/05/2022,11350,0.0355,
24/05/2022,11350,0.0355,
25/05/2022,11350,0.0355,
26/05/2022,11350,0.0355,
27/05/2022,11350,0.0355,
28/05/2022,11350,0.0355,
29/05/2022,11350,0.0355,
30/05/2022,11350,0.0355,
31/05/2022,11350,0.0355,
01/06/2022,11350,0.0435,
02/06/2022,11350,0.0435,
03/06/2022,11350,0.0435,
04/06/2022,11350,0.0435,
05/06/2022,11350,0.0435,
06/06/2022,11350,0.0435,
07/06/2022,11350,0.0435,
08/06/2022,11350,0.0435,
09/06/2022,11350,0.0435,
10/06/2022,11350,0.0435,
11/06/2022,11350,0.0435,
12/06/2022,11350,0.0435,
13/06/2022,11350,0.0435,
14/06/2022,11350,0.0435,
15/06/2022,11350,0.0435,
16/06/2022,11350,0.0435,
17/06/2022,11350,0.0435,
18/06/2022,11350,0.0435,
19/06/2022,11350,0.0435,
20/06/2022,11350,0.0435,
21/06/2022,11350,0.0435,
22/06/2022,11350,0.0435,
23/06/2022,11350,0.0435,
24/06/2022,11350,0.0435,
25/06/2022,11350,0.0435,
26/06/2022,11350,0.0435,
27/06/2022,11350,0.0435,
28/06/2022,11300,0.0435,
29/06/2022,11300,0.0435,
30/06/2022,11300,0.0435,
01/07/2022,11300,0.0494,
02/07/2022,11300,0.0494,
03/07/2022,11300,0.0494,
04/07/2022,11300,0.0494,
05/07/2022,11300,0.0494,
06/07/2022,11300,0.0494,
07/07/2022,11300,0.0494,
08/07/2022,11300,0.0494,
09/07/2022,11300,0.0494,
10/07/2022,11300,0.0494,
11/07/2022,11300,0.0494,
12/07/2022,11300,0.0494,
13/07/2022,11300,0.0494,
14/07/2022,11300,0.0494,
15/07/2022,11300,0.0494,
16/07/2022,11300,0.0494,
17/07/2022,11300,0.0494,
18/07/2022,11300,0.0494,
19/07/2022,11300,0.0494,
20/07/2022,11300,0.0494,
21/07/2022,11300,0.0494,
22/07/2022,11300,0.0494,
23/07/2022,11300,0.0494,
24/07/2022,11300,0.0494,
25/07/2022,11300,0.0494,
26/07/2022,11300,0.0494,
27/07/2022,11300,0.0494,
28/07/2022,11300,0.0494,
29/07/2022,11300,0.0494,
30/07/2022,11300,0.0494,
31/07/2022,11300,0.0494,
01/08/2022,11300,0.0469,
02/08/2022,11300,0.0469,
03/08/2022,11300,0.0469,
04/08/2022,11300,0.0469,
05/08/2022,11300,0.0469,
06/08/2022,11300,0.0469,
07/08/2022,11300,0.0469,
08/08/2022,11300,0.0469,
09/08/2022,11300,0.0469,
10/08/2022,11300,0.0469,
11/08/2022,11300,0.0469,
12/08/2022,11300,0.0469,
13/08/2022,11300,0.0469,
14/08/2022,11300,0.0469,
15/08/2022,11350,0.0469,
16/08/2022,11350,0.0469,
17/08/2022,11350,0.0469,
18/08/2022,11350,0.0469,
19/08/2022,11350,0.0469,
20/08/2022,11350,0.0469,
21/08/2022,11350,0.0469,
22/08/2022,11350,0.0469,
23/08/2022,11350,0.0469,
24/08/2022,11400,0.0469,
25/08/2022,11400,0.0469,
26/08/2022,11400,0.0469,
27/08/2022,11400,0.0469,
28/08/2022,11400,0.0469,
29/08/2022,11400,0.0469,
30/08/2022,11400,0.0469,
31/08/2022,11400,0.0469,
01/09/2022,11400,0.0595,
02/09/2022,11400,0.0595,
03/09/2022,11400,0.0595,
04/09/2022,11400,0.0595,
05/09/2022,11400,0.0595,
06/09/2022,11400,0.0595,
07/09/2022,11400,0.0595,
08/09/2022,11400,0.0595,
09/09/2022,11400,0.0595,
10/09/2022,11400,0.0595,
11/09/2022,11400,0.0595,
12/09/2022,11450,0.0595,
13/09/2022,11450,0.0595,
14/09/2022,11450,0.0595,
15/09/2022,11500,0.0595,
16/09/2022,11500,0.0595,
17/09/2022,11500,0.0595,
18/09/2022,11500,0.0595,
19/09/2022,11500,0.0595,
20/09/2022,11500,0.0595,
21/09/2022,11500,0.0595,
22/09/2022,11500,0.0595,
23/09/2022,11500,0.0595,
24/09/2022,11500,0.0595,
25/09/2022,11500,0.0595,
26/09/2022,11500,0.0595,
27/09/2022,11500,0.0595,
28/09/2022,11500,0.0595,
29/09/2022,11500,0.0595,
30/09/2022,11500,0.0595,
01/10/2022,11500,0.0571,
02/10/2022,11500,0.0571,
03/10/2022,11500,0.0571,
04/10/2022,11500,0.0571,
05/10/2022,11500,0.0571,
06/10/2022,11500,0.0571,
07/10/2022,11500,0.0571,
08/10/2022,11500,0.0571,
09/10/2022,11500,0.0571,
10/10/2022,11500,0.0571,
11/10/2022,11500,0.0571,
12/10/2022,11500,0.0571,
13/10/2022,11500,0.0571,
14/10/2022,11500,0.0571,
15/10/2022,11500,0.0571,
16/10/2022,11500,0.0571,
17/10/2022,11500,0.0571,
18/10/2022,11500,0.0571,
19/10/2022,11500,0.0571,
20/10/2022,11500,0.0571,
21/10/2022,11500,0.0571,
22/10/2022,11500,0.0571,
23/10/2022,11500,0.0571,
24/10/2022,11500,0.0571,
25/10/2022,11500,0.0571,
26/10/2022,11500,0.0571,
27/10/2022,11500,0.0571,
28/10/2022,11500,0.0571,
29/10/2022,11500,0.0571,
30/10/2022,11500,0.0571,
31/10/2022,11500,0.0571,
01/11/2022,11500,0.0542,
02/11/2022,11500,0.0542,
03/11/2022,11500,0.0542,
04/11/2022,11500,0.0542,
05/11/2022,11500,0.0542,
06/11/2022,11550,0.0542,
07/11/2022,11550,0.0542,
08/11/2022,11550,0.0542,
09/11/2022,11550,0.0542,
10/11/2022,11550,0.0542,
11/11/2022,11550,0.0542,
12/11/2022,11550,0.0542,
13/11/2022,11550,0.0542,
14/11/2022,11550,0.0542,
15/11/2022,11550,0.0542,
16/11/2022,11550,0.0542,
17/11/2022,11550,0.0542,
18/11/2022,11550,0.0542,
19/11/2022,11550,0.0542,
20/11/2022,11550,0.0542,
21/11/2022,11600,0.0542,
22/11/2022,11600,0.0542,
23/11/2022,11600,0.0542,
24/11/2022,11600,0.0542,
25/11/2022,11600,0.0542,
26/11/2022,11600,0.0542,
27/11/2022,11600,0.0542,
28/11/2022,11600,0.0542,
29/11/2022,11600,0.0542,
30/11/2022,11600,0.0542,
01/12/2022,11600,0.0551,
02/12/2022,11600,0.0551,
03/12/2022,11600,0.0551,
04/12/2022,11600,0.0551,
05/12/2022,11650,0.0551,
06/12/2022,11700,0.0551,
07/12/2022,11700,0.0551,
08/12/2022,11750,0.0551,
09/12/2022,11750,0.0551,
10/12/2022,11750,0.0551,
11/12/2022,11750,0.0551,
12/12/2022,11750,0.0551,
13/12/2022,11750,0.0551,
14/12/2022,11750,0.0551,
15/12/2022,11750,0.0551,
16/12/2022,11750,0.0551,
17/12/2022,11750,0.0551,
18/12/2022,11750,0.0551,
19/12/2022,11750,0.0551,
20/12/2022,11750,0.0551,
21/12/2022,11800,0.0551,
22/12/2022,11800,0.0551,
23/12/2022,11800,0.0551,
24/12/2022,11800,0.0551,
25/12/2022,11800,0.0551,
26/12/2022,11800,0.0551,
27/12/2022,11800,0.0551,
28/12/2022,11800,0.0551,
29/12/2022,11800,0.0551,
30/12/2022,11800,0.0551,
31/12/2022,11800,0.0551,
01/01/2023,11800,0.0528,
02/01/2023,11800,0.0528,
03/01/2023,11800,0.0528,
04/01/2023,11800,0.0528,
05/01/2023,11800,0.0528,
06/01/2023,11850,0.0528,
07/01/2023,11850,0.0528,
08/01/2023,11850,0.0528,
09/01/2023,11850,0.0528,
10/01/2023,11850,0.0528,
11/01/2023,11900,0.0528,
12/01/2023,11900,0.0528,
13/01/2023,11900,0.0528,
14/01/2023,11900,0.0528,
15/01/2023,11900,0.0528,
16/01/2023,11900,0.0528,
17/01/2023,11950,0.0528,
18/01/2023,11950,0.0528,
19/01/2023,11950,0.0528,
20/01/2023,11950,0.0528,
21/01/2023,11950,0.0528,
22/01/2023,11950,0.0528,
23/01/2023,11950,0.0528,
24/01/2023,12050,0.0528,
25/01/2023,12050,0.0528,
26/01/2023,12050,0.0528,
27/01/2023,12100,0.0528,
28/01/2023,12100,0.0528,
29/01/2023,12100,0.0528,
30/01/2023,12150,0.0528,
31/01/2023,12150,0.0528,
01/02/2023,12150,0.0547,
02/02/2023,12150,0.0547,
03/02/2023,12150,0.0547,
04/02/2023,12150,0.0547,
05/02/2023,12150,0.0547,
06/02/2023,12300,0.0547,
07/02/2023,12350,0.0547,
08/02/2023,12350,0.0547,
09/02/2023,12400,0.0547,
10/02/2023,12400,0.0547,
11/02/2023,12400,0.0547,
12/02/2023,12400,0.0547,
13/02/2023,12450,0.0547,
14/02/2023,12450,0.0547,
15/02/2023,12500,0.0547,
16/02/2023,12500,0.0547,
17/02/2023,12500,0.0547,
18/02/2023,12500,0.0547,
19/02/2023,12500,0.0547,
20/02/2023,12500,0.0547,
21/02/2023,12500,0.0547,
22/02/2023,12500,0.0547,
23/02/2023,12500,0.0547,
24/02/2023,12500,0.0547,
25/02/2023,12500,0.0547,
26/02/2023,12500,0.0547,
27/02/2023,12500,0.0547,
28/02/2023,12500,0.0547,
01/03/2023,12450,0.0497,
02/03/2023,12450,0.0497,
03/03/2023,12450,0.0497,
04/03/2023,12450,0.0497,
05/03/2023,12450,0.0497,
06/03/2023,12450,0.0497,
07/03/2023,12450,0.0497,
08/03/2023,12450,0.0497,
09/03/2023,12450,0.0497,
10/03/2023,12450,0.0497,
11/03/2023,12450,0.0497,
12/03/2023,12450,0.0497,
13/03/2023,12450,0.0497,
14/03/2023,12450,0.0497,
15/03/2023,12450,0.0497,
16/03/2023,12450,0.0497,
17/03/2023,12450,0.0497,
18/03/2023,12450,0.0497,
19/03/2023,12450,0.0497,
20/03/2023,12450,0.0497,
21/03/2023,12450,0.0497,
22/03/2023,12450,0.0497,
23/03/2023,12450,0.0497,
24/03/2023,12450,0.0497,
25/03/2023,12450,0.0497,
26/03/2023,12450,0.0497,
27/03/2023,12450,0.0497,
28/03/2023,12450,0.0497,
29/03/2023,12450,0.0497,
30/03/2023,12450,0.0497,
31/03/2023,12450,0.0497,
01/04/2023,12450,0.0433,
02/04/2023,12450,0.0433,
03/04/2023,12450,0.0433,
04/04/2023,12450,0.0433,
05/04/2023,12450,0.0433,
06/04/2023,12450,0.0433,
07/04/2023,12500,0.0433,
08/04/2023,12500,0.0433,
09/04/2023,12500,0.0433,
10/04/2023,12450,0.0433,
11/04/2023,12450,0.0433,
12/04/2023,12450,0.0433,
13/04/2023,12450,0.0433,
14/04/2023,12450,0.0433,
15/04/2023,12450,0.0433,
16/04/2023,12450,0.0433,
17/04/2023,12450,0.0433,
18/04/2023,12450,0.0433,
19/04/2023,12450,0.0433,
20/04/2023,12450,0.0433,
21/04/2023,12450,0.0433,
22/04/2023,12450,0.0433,
23/04/2023,12450,0.0433,
24/04/2023,12450,0.0433,
25/04/2023,12450,0.0433,
26/04/2023,12450,0.0433,
27/04/2023,12450,0.0433,
28/04/2023,12450,0.0433,
29/04/2023,12450,0.0433,
30/04/2023,12450,0.0433,
01/05/2023,12600,0.04,
02/05/2023,12450,0.04,
03/05/2023,12450,0.04,
04/05/2023,12450,0.04,
05/05/2023,12450,0.04,
06/05/2023,12450,0.04,
07/05/2023,12450,0.04,
08/05/2023,12450,0.04,
09/05/2023,12450,0.04,
10/05/2023,12450,0.04,
11/05/2023,12450,0.04,
12/05/2023,12450,0.04,
13/05/2023,12450,0.04,
14/05/2023,12450,0.04,
15/05/2023,12450,0.04,
16/05/2023,12450,0.04,
17/05/2023,12450,0.04,
18/05/2023,12450,0.04,
19/05/2023,12450,0.04,
20/05/2023,12450,0.04,
21/05/2023,12450,0.04,
22/05/2023,12450,0.04,
23/05/2023,12450,0.04,
24/05/2023,12450,0.04,
25/05/2023,12450,0.04,
26/05/2023,12450,0.04,
27/05/2023,12450,0.04,
28/05/2023,12450,0.04,
29/05/2023,12450,0.04,
30/05/2023,12400,0.04,
31/05/2023,12400,0.04,
01/06/2023,12400,0.0352,
02/06/2023,12400,0.0352,
03/06/2023,12400,0.0352,
04/06/2023,12400,0.0352,
05/06/2023,12400,0.0352,
06/06/2023,12400,0.0352,
07/06/2023,12400,0.0352,
08/06/2023,12400,0.0352,
09/06/2023,12400,0.0352,
10/06/2023,12400,0.0352,
11/06/2023,12400,0.0352,
12/06/2023,12400,0.0352,
13/06/2023,12400,0.0352,
14/06/2023,12400,0.0352,
15/06/2023,12400,0.0352,
16/06/2023,12400,0.0352,
17/06/2023,12400,0.0352,
18/06/2023,12400,0.0352,
19/06/2023,12400,0.0352,
20/06/2023,12400,0.0352,
21/06/2023,12400,0.0352,
22/06/2023,12400,0.0352,
23/06/2023,12400,0.0352,
24/06/2023,12400,0.0352,
25/06/2023,12400,0.0352,
26/06/2023,12400,0.0352,
27/06/2023,12400,0.0352,
28/06/2023,12400,0.0352,
29/06/2023,12450,0.0352,
30/06/2023,12450,0.0352,
01/07/2023,12450,0.0308,
02/07/2023,12450,0.0308,
03/07/2023,12400,0.0308,
04/07/2023,12400,0.0308,
05/07/2023,12400,0.0308,
06/07/2023,12400,0.0308,
07/07/2023,12400,0.0308,
08/07/2023,12400,0.0308,
09/07/2023,12400,0.0308,
10/07/2023,12400,0.0308,
11/07/2023,12450,0.0308,
12/07/2023,12450,0.0308,
13/07/2023,12450,0.0308,
14/07/2023,12450,0.0308,
15/07/2023,12450,0.0308,
16/07/2023,12450,0.0308,
17/07/2023,12450,0.0308,
18/07/2023,12450,0.0308,
19/07/2023,12450,0.0308,
20/07/2023,12450,0.0308,
21/07/2023,12450,0.0308,
22/07/2023,12450,0.0308,
23/07/2023,12450,0.0308,
24/07/2023,12450,0.0308,
25/07/2023,12450,0.0308,
26/07/2023,12400,0.0308,
27/07/2023,12400,0.0308,
28/07/2023,12400,0.0308,
29/07/2023,12400,0.0308,
30/07/2023,12400,0.0308,
31/07/2023,12400,0.0308,
01/08/2023,12400,0.0327,
02/08/2023,12400,0.0327,
03/08/2023,12400,0.0327,
04/08/2023,12400,0.0327,
05/08/2023,12450,0.0327,
06/08/2023,12450,0.0327,
07/08/2023,12450,0.0327,
08/08/2023,12450,0.0327,
09/08/2023,12450,0.0327,
10/08/2023,12500,0.0327,
11/08/2023,12500,0.0327,
12/08/2023,12500,0.0327,
13/08/2023,12500,0.0327,
14/08/2023,12550,0.0327,
15/08/2023,12550,0.0327,
16/08/2023,12550,0.0327,
17/08/2023,12550,0.0327,
18/08/2023,12600,0.0327,
19/08/2023,12650,0.0327,
20/08/2023,12700,0.0327,
21/08/2023,12750,0.0327,
22/08/2023,12750,0.0327,
23/08/2023,12750,0.0327,
24/08/2023,12800,0.0327,
25/08/2023,12800,0.0327,
26/08/2023,12800,0.0327,
27/08/2023,12800,0.0327,
28/08/2023,12850,0.0327,
29/08/2023,12950,0.0327,
30/08/2023,13050,0.0327,
31/08/2023,13050,0.0327,
01/09/2023,13050,0.0228,
02/09/2023,13050,0.0228,
03/09/2023,13050,0.0228,
04/09/2023,13400,0.0228,
05/09/2023,13600,0.0228,
06/09/2023,13650,0.0228,
07/09/2023,13700,0.0228,
08/09/2023,13750,0.0228,
09/09/2023,13750,0.0228,
10/09/2023,13750,0.0228,
11/09/2023,13750,0.0228,
12/09/2023,13750,0.0228,
13/09/2023,13800,0.0228,
14/09/2023,13800,0.0228,
15/09/2023,13800,0.0228,
16/09/2023,13800,0.0228,
17/09/2023,13850,0.0228,
18/09/2023,13850,0.0228,
19/09/2023,13850,0.0228,
20/09/2023,13900,0.0228,
21/09/2023,13900,0.0228,
22/09/2023,13900,0.0228,
23/09/2023,13900,0.0228,
24/09/2023,13900,0.0228,
25/09/2023,13900,0.0228,
26/09/2023,13900,0.0228,
27/09/2023,13900,0.0228,
28/09/2023,13900,0.0228,
29/09/2023,13900,0.0228,
30/09/2023,13900,0.0228,
01/10/2023,13900,0.0256,
02/10/2023,13900,0.0256,
03/10/2023,13900,0.0256,
04/10/2023,13900,0.0256,
05/10/2023,13900,0.0256,
06/10/2023,13950,0.0256,
07/10/2023,13950,0.0256,
08/10/2023,13950,0.0256,
09/10/2023,13900,0.0256,
10/10/2023,13900,0.0256,
11/10/2023,13950,0.0256,
12/10/2023,13950,0.0256,
13/10/2023,13950,0.0256,
14/10/2023,13950,0.0256,
15/10/2023,13950,0.0256,
16/10/2023,13950,0.0256,
17/10/2023,13950,0.0256,
18/10/2023,13950,0.0256,
19/10/2023,13950,0.0256,
20/10/2023,13950,0.0256,
21/10/2023,13950,0.0256,
22/10/2023,13950,0.0256,
23/10/2023,13950,0.0256,
24/10/2023,13950,0.0256,
25/10/2023,13950,0.0256,
26/10/2023,13950,0.0256,
27/10/2023,13950,0.0256,
28/10/2023,13950,0.0256,
29/10/2023,13950,0.0256,
30/10/2023,13950,0.0256,
31/10/2023,13950,0.0256,
01/11/2023,13950,0.0286,
02/11/2023,13950,0.0286,
03/11/2023,13950,0.0286,
04/11/2023,13950,0.0286,
05/11/2023,13950,0.0286,
06/11/2023,13950,0.0286,
07/11/2023,13950,0.0286,
08/11/2023,13950,0.0286,
09/11/2023,13950,0.0286,
10/11/2023,13950,0.0286,
11/11/2023,13950,0.0286,
12/11/2023,13950,0.0286,
13/11/2023,13950,0.0286,
14/11/2023,13950,0.0286,
15/11/2023,13950,0.0286,
16/11/2023,13950,0.0286,
17/11/2023,13900,0.0286,
18/11/2023,13900,0.0286,
19/11/2023,13900,0.0286,
20/11/2023,13900,0.0286,
21/11/2023,13900,0.0286,
22/11/2023,13900,0.0286,
23/11/2023,13900,0.0286,
24/11/2023,13950,0.0286,
25/11/2023,13950,0.0286,
26/11/2023,13950,0.0286,
27/11/2023,13950,0.0286,
28/11/2023,13950,0.0286,
29/11/2023,13950,0.0286,
30/11/2023,13950,0.0286,
01/12/2023,13950,0.0261,
02/12/2023,13950,0.0261,
03/12/2023,13950,0.0261,
04/12/2023,13950,0.0261,
05/12/2023,13950,0.0261,
06/12/2023,13950,0.0261,
07/12/2023,13950,0.0261,
08/12/2023,13950,0.0261,
09/12/2023,13950,0.0261,
10/12/2023,13950,0.0261,
11/12/2023,14000,0.0261,
12/12/2023,14000,0.0261,
13/12/2023,14000,0.0261,
14/12/2023,14000,0.0261,
15/12/2023,14000,0.0261,
16/12/2023,14000,0.0261,
17/12/2023,14000,0.0261,
18/12/2023,14000,0.0261,
19/12/2023,14000,0.0261,
20/12/2023,14000,0.0261,
21/12/2023,14000,0.0261,
22/12/2023,14000,0.0261,
23/12/2023,14000,0.0261,
24/12/2023,14000,0.0261,
25/12/2023,14000,0.0261,
26/12/2023,14000,0.0261,
27/12/2023,14000,0.0261,
28/12/2023,14000,0.0261,
29/12/2023,14000,0.0261,
30/12/2023,14000,0.0261,
31/12/2023,14000,0.0261,
01/01/2024,14000,0.0257,
02/01/2024,14000,0.0257,
03/01/2024,14000,0.0257,
04/01/2024,14000,0.0257,
05/01/2024,14050,0.0257,
06/01/2024,14050,0.0257,
07/01/2024,14050,0.0257,
08/01/2024,14050,0.0257,
09/01/2024,14050,0.0257,
10/01/2024,14050,0.0257,
11/01/2024,14100,0.0257,
12/01/2024,14100,0.0257,
13/01/2024,14100,0.0257,
14/01/2024,14100,0.0257,
15/01/2024,14150,0.0257,
16/01/2024,14250,0.0257,
17/01/2024,14300,0.0257,
18/01/2024,14300,0.0257,
19/01/2024,14300,0.0257,
20/01/2024,14300,0.0257,
21/01/2024,14300,0.0257,
22/01/2024,14300,0.0257,
23/01/2024,14450,0.0257,
24/01/2024,14500,0.0257,
25/01/2024,14550,0.0257,
26/01/2024,14550,0.0257,
27/01/2024,14550,0.0257,
28/01/2024,14550,0.0257,
29/01/2024,14600,0.0257,
30/01/2024,14650,0.0257,
31/01/2024,14750,0.0257,
01/02/2024,14750,0.0275,
02/02/2024,14800,0.0275,
03/02/2024,14800,0.0275,
04/02/2024,14800,0.0275,
05/02/2024,15150,0.0275,
06/02/2024,15250,0.0275,
07/02/2024,15250,0.0275,
08/02/2024,15250,0.0275,
09/02/2024,15250,0.0275,
10/02/2024,15250,0.0275,
11/02/2024,15250,0.0275,
12/02/2024,15450,0.0275,
13/02/2024,15500,0.0275,
14/02/2024,15500,0.0275,
15/02/2024,15550,0.0275,
16/02/2024,15600,0.0275,
17/02/2024,15600,0.0275,
18/02/2024,15600,0.0275,
19/02/2024,15650,0.0275,
20/02/2024,15700,0.0275,
21/02/2024,15700,0.0275,
22/02/2024,15750,0.0275,
23/02/2024,15800,0.0275,
24/02/2024,15800,0.0275,
25/02/2024,15800,0.0275,
26/02/2024,15850,0.0275,
27/02/2024,15850,0.0275,
28/02/2024,15850,0.0275,
29/02/2024,15850,0.0275,
01/03/2024,15850,0.0305,
02/03/2024,15850,0.0305,
03/03/2024,15850,0.0305,
04/03/2024,15800,0.0305,
05/03/2024,15800,0.0305,
06/03/2024,15800,0.0305,
07/03/2024,15800,0.0305,
08/03/2024,15800,0.0305,
09/03/2024,15800,0.0305,
10/03/2024,15800,0.0305,
11/03/2024,15800,0.0305,
12/03/2024,15800,0.0305,
13/03/2024,15750,0.0305,
14/03/2024,15750,0.0305,
15/03/2024,15750,0.0305,
16/03/2024,15750,0.0305,
17/03/2024,15750,0.0305,
18/03/2024,15750,0.0305,
19/03/2024,15750,0.0305,
20/03/2024,15750,0.0305,
21/03/2024,15750,0.0305,
22/03/2024,15750,0.0305,
23/03/2024,15750,0.0305,
24/03/2024,15750,0.0305,
25/03/2024,15700,0.0305,
26/03/2024,15650,0.0305,
27/03/2024,15650,0.0305,
28/03/2024,15650,0.0305,
29/03/2024,15650,0.0305,
30/03/2024,15650,0.0305,
31/03/2024,15650,0.0305,
01/04/2024,15600,0.03,
02/04/2024,15450,0.03,
03/04/2024,15450,0.03,
04/04/2024,15400,0.03,
05/04/2024,15400,0.03,
06/04/2024,15400,0.03,
07/04/2024,15400,0.03,
08/04/2024,15400,0.03,
09/04/2024,15400,0.03,
10/04/2024,15400,0.03,
11/04/2024,15400,0.03,
12/04/2024,15450,0.03,
13/04/2024,15450,0.03,
14/04/2024,15450,0.03,
15/04/2024,15400,0.03,
16/04/2024,15250,0.03,
17/04/2024,15200,0.03,
18/04/2024,15200,0.03,
19/04/2024,15200,0.03,
20/04/2024,15200,0.03,
21/04/2024,15200,0.03,
22/04/2024,15100,0.03,
23/04/2024,15050,0.03,
24/04/2024,15000,0.03,
25/04/2024,15000,0.03,
26/04/2024,14950,0.03,
27/04/2024,14950,0.03,
28/04/2024,14950,0.03,
29/04/2024,14900,0.03,
30/04/2024,14800,0.03,
01/05/2024,14750,0.0284,
02/05/2024,14750,0.0284,
03/05/2024,14750,0.0284,
04/05/2024,14750,0.0284,
05/05/2024,14750,0.0284,
06/05/2024,14750,0.0284,
07/05/2024,14700,0.0284,
08/05/2024,14700,0.0284,
09/05/2024,14700,0.0284,
10/05/2024,14700,0.0284,
11/05/2024,14700,0.0284,
12/05/2024,14700,0.0284,
13/05/2024,14600,0.0284,
14/05/2024,14600,0.0284,
15/05/2024,14600,0.0284,
16/05/2024,14600,0.0284,
17/05/2024,14600,0.0284,
18/05/2024,14600,0.0284,
19/05/2024,14600,0.0284,
20/05/2024,14500,0.0284,
21/05/2024,14500,0.0284,
22/05/2024,14500,0.0284,
23/05/2024,14500,0.0284,
24/05/2024,14500,0.0284,
25/05/2024,14500,0.0284,
26/05/2024,14500,0.0284,
27/05/2024,14500,0.0284,
28/05/2024,14500,0.0284,
29/05/2024,14500,0.0284,
30/05/2024,14500,0.0284,
31/05/2024,14500,0.0284,
01/06/2024,14500,0.0251,
02/06/2024,14500,0.0251,
03/06/2024,14500,0.0251,
04/06/2024,14500,0.0251,
05/06/2024,14450,0.0251,
06/06/2024,14450,0.0251,
07/06/2024,14450,0.0251,
08/06/2024,14450,0.0251,
09/06/2024,14450,0.0251,
10/06/2024,14500,0.0251,
11/06/2024,14500,0.0251,
12/06/2024,14500,0.0251,
13/06/2024,14500,0.0251,
14/06/2024,14500,0.0251,
15/06/2024,14500,0.0251,
16/06/2024,14500,0.0251,
17/06/2024,14500,0.0251,
18/06/2024,14500,0.0251,
19/06/2024,14500,0.0251,
20/06/2024,14500,0.0251,
21/06/2024,14500,0.0251,
22/06/2024,14500,0.0251,
23/06/2024,14500,0.0251,
24/06/2024,14500,0.0251,
25/06/2024,14550,0.0251,
26/06/2024,14550,0.0251,
27/06/2024,14550,0.0251,
28/06/2024,14550,0.0251,
29/06/2024,14550,0.0251,
30/06/2024,14550,0.0251,
01/07/2024,14550,0.0213,
02/07/2024,14600,0.0213,
03/07/2024,14600,0.0213,
04/07/2024,14600,0.0213,
05/07/2024,14600,0.0213,
06/07/2024,14600,0.0213,
07/07/2024,14600,0.0213,
08/07/2024,14600,0.0213,
09/07/2024,14600,0.0213,
10/07/2024,14600,0.0213,
11/07/2024,14600,0.0213,
12/07/2024,14600,0.0213,
13/07/2024,14600,0.0213,
14/07/2024,14600,0.0213,
15/07/2024,14600,0.0213,
16/07/2024,14550,0.0213,
17/07/2024,14550,0.0213,
18/07/2024,14550,0.0213,
19/07/2024,14550,0.0213,
20/07/2024,14550,0.0213,
21/07/2024,14550,0.0213,
22/07/2024,14550,0.0213,
23/07/2024,14550,0.0213,
24/07/2024,14600,0.0213,
25/07/2024,14600,0.0213,
26/07/2024,14600,0.0213,
27/07/2024,14600,0.0213,
28/07/2024,14600,0.0213,
29/07/2024,14600,0.0213,
30/07/2024,14600,0.0213,
31/07/2024,14600,0.0213,
01/08/2024,14600,0.0212,
02/08/2024,14600,0.0212,
03/08/2024,14600,0.0212,
04/08/2024,14600,0.0212,
05/08/2024,14600,0.0212,
06/08/2024,14600,0.0212,
07/08/2024,14600,0.0212,
08/08/2024,14600,0.0212,
09/08/2024,14600,0.0212,
10/08/2024,14600,0.0212,
11/08/2024,14600,0.0212,
12/08/2024,14600,0.0212,
13/08/2024,14600,0.0212,
14/08/2024,14600,0.0212,
15/08/2024,14600,0.0212,
16/08/2024,14600,0.0212,
17/08/2024,14600,0.0212,
18/08/2024,14600,0.0212,
19/08/2024,14600,0.0212,
20/08/2024,14600,0.0212,
21/08/2024,14600,0.0212,
22/08/2024,14600,0.0212,
23/08/2024,14600,0.0212,
24/08/2024,14600,0.0212,
25/08/2024,14600,0.0212,
26/08/2024,14550,0.0212,
27/08/2024,14550,0.0212,
28/08/2024,14550,0.0212,
29/08/2024,14550,0.0212,
30/08/2024,14550,0.0212,
31/08/2024,14550,0.0212,
01/09/2024,14550,0.0184,
02/09/2024,14550,0.0184,
03/09/2024,14550,0.0184,
04/09/2024,14550,0.0184,
05/09/2024,14550,0.0184,
06/09/2024,14600,0.0184,
07/09/2024,14600,0.0184,
08/09/2024,14600,0.0184,
09/09/2024,14600,0.0184,
10/09/2024,14600,0.0184,
11/09/2024,14600,0.0184,
12/09/2024,14600,0.0184,
13/09/2024,14600,0.0184,
14/09/2024,14600,0.0184,
15/09/2024,14600,0.0184,
16/09/2024,14600,0.0184,
17/09/2024,14600,0.0184,
18/09/2024,14600,0.0184,
19/09/2024,14600,0.0184,
20/09/2024,14600,0.0184,
21/09/2024,14600,0.0184,
22/09/2024,14600,0.0184,
23/09/2024,14550,0.0184,
24/09/2024,14600,0.0184,
25/09/2024,14600,0.0184,
26/09/2024,14600,0.0184,
27/09/2024,14600,0.0184,
28/09/2024,14600,0.0184,
29/09/2024,14600,0.0184,
30/09/2024,14550,0.0184,
01/10/2024,14550,0.0171,
02/10/2024,14550,0.0171,
03/10/2024,14550,0.0171,
04/10/2024,14550,0.0171,
05/10/2024,14550,0.0171,
06/10/2024,14550,0.0171,
07/10/2024,14550,0.0171,
08/10/2024,14550,0.0171,
09/10/2024,14550,0.0171,
10/10/2024,14550,0.0171,
11/10/2024,14550,0.0171,
12/10/2024,14550,0.0171,
13/10/2024,14550,0.0171,
14/10/2024,14550,0.0171,
15/10/2024,14550,0.0171,
16/10/2024,14550,0.0171,
17/10/2024,14550,0.0171,
18/10/2024,14550,0.0171,
19/10/2024,14550,0.0171,
20/10/2024,14550,0.0171,
21/10/2024,14550,0.0171,
22/10/2024,14550,0.0171,
23/10/2024,14550,0.0171,
24/10/2024,14550,0.0171,
25/10/2024,14550,0.0171,
26/10/2024,14550,0.0171,
27/10/2024,14550,0.0171,
28/10/2024,14550,0.0171,
29/10/2024,14550,0.0171,
30/10/2024,14550,0.0171,
31/10/2024,14550,0.0171,
01/11/2024,14550,0.0155,
02/11/2024,14550,0.0155,
03/11/2024,14550,0.0155,
04/11/2024,14550,0.0155,
05/11/2024,14550,0.0155,
06/11/2024,14550,0.0155,
07/11/2024,14550,0.0155,
08/11/2024,14550,0.0155,
09/11/2024,14550,0.0155,
10/11/2024,14550,0.0155,
11/11/2024,14500,0.0155,
12/11/2024,14550,0.0155,
13/11/2024,14550,0.0155,
14/11/2024,14550,0.0155,
15/11/2024,14550,0.0155,
16/11/2024,14550,0.0155,
17/11/2024,14550,0.0155,
18/11/2024,14550,0.0155,
19/11/2024,14550,0.0155,
20/11/2024,14500,0.0155,
21/11/2024,14500,0.0155,
22/11/2024,14550,0.0155,
23/11/2024,14550,0.0155,
24/11/2024,14550,0.0155,
25/11/2024,14550,0.0155,
26/11/2024,14550,0.0155,
27/11/2024,14400,0.0155,
28/11/2024,14500,0.0155,
29/11/2024,14500,0.0155,
30/11/2024,14500,0.0155,
01/12/2024,14500,0.0157,
02/12/2024,14550,0.0157,
03/12/2024,14550,0.0157,
04/12/2024,14550,0.0157,
05/12/2024,14550,0.0157,
06/12/2024,14550,0.0157,
07/12/2024,14550,0.0157,
08/12/2024,14550,0.0157,
09/12/2024,14550,0.0157,
10/12/2024,14550,0.0157,
11/12/2024,14550,0.0157,
12/12/2024,14550,0.0157,
13/12/2024,14550,0.0157,
14/12/2024,14550,0.0157,
15/12/2024,14550,0.0157,
16/12/2024,14550,0.0157,
17/12/2024,14600,0.0157,
18/12/2024,14600,0.0157,
19/12/2024,14600,0.0157,
20/12/2024,14600,0.0157,
21/12/2024,14600,0.0157,
22/12/2024,14600,0.0157,
23/12/2024,14600,0.0157,
24/12/2024,14600,0.0157,
25/12/2024,14600,0.0157,
26/12/2024,14600,0.0157,
27/12/2024,14600,0.0157,
28/12/2024,14600,0.0157,
29/12/2024,14600,0.0157,
30/12/2024,14600,0.0157,
31/12/2024,14600,0.0157,
01/01/2025,14600,0.0076,
02/01/2025,14600,0.0076,
03/01/2025,14600,0.0076,
04/01/2025,14600,0.0076,
05/01/2025,14600,0.0076,
06/01/2025,14600,0.0076,
07/01/2025,14600,0.0076,
08/01/2025,14650,0.0076,
09/01/2025,14650,0.0076,
10/01/2025,14650,0.0076,
11/01/2025,14650,0.0076,
12/01/2025,14650,0.0076,
13/01/2025,14650,0.0076,
14/01/2025,14650,0.0076,
15/01/2025,14650,0.0076,
16/01/2025,14650,0.0076,
17/01/2025,14650,0.0076,
18/01/2025,14650,0.0076,
19/01/2025,14650,0.0076,
20/01/2025,14650,0.0076,
21/01/2025,14600,0.0076,
22/01/2025,14600,0.0076,
23/01/2025,14600,0.0076,
24/01/2025,14600,0.0076,
25/01/2025,14600,0.0076,
26/01/2025,14600,0.0076,
27/01/2025,14650,0.0076,
28/01/2025,14650,0.0076,
29/01/2025,14650,0.0076,
30/01/2025,14600,0.0076,
31/01/2025,14600,0.0076,
01/02/2025,14600,-0.0009,
02/02/2025,14600,-0.0009,
03/02/2025,14600,-0.0009,
04/02/2025,14550,-0.0009,
05/02/2025,14550,-0.0009,
06/02/2025,14550,-0.0009,
07/02/2025,14550,-0.0009,
08/02/2025,14550,-0.0009,
09/02/2025,14550,-0.0009,
10/02/2025,14550,-0.0009,
11/02/2025,14550,-0.0009,
12/02/2025,14550,-0.0009,
13/02/2025,14550,-0.0009,
14/02/2025,14550,-0.0009,
15/02/2025,14550,-0.0009,
16/02/2025,14550,-0.0009,
17/02/2025,14600,-0.0009,
18/02/2025,14550,-0.0009,
19/02/2025,14550,-0.0009,
20/02/2025,14550,-0.0009,
21/02/2025,14550,-0.0009,
22/02/2025,14550,-0.0009,
23/02/2025,14550,-0.0009,
24/02/2025,14550,-0.0009,
25/02/2025,14550,-0.0009,
26/02/2025,14600,-0.0009,
27/02/2025,14500,-0.0009,
28/02/2025,14600,-0.0009,
01/03/2025,14600,0.0103,
02/03/2025,14600,0.0103,
03/03/2025,14550,0.0103,
04/03/2025,14600,0.0103,
05/03/2025,14600,0.0103,
06/03/2025,14600,0.0103,
07/03/2025,14600,0.0103,
08/03/2025,14600,0.0103,
09/03/2025,14600,0.0103,
10/03/2025,14600,0.0103,
11/03/2025,14650,0.0103,
12/03/2025,14600,0.0103,
13/03/2025,14600,0.0103,
14/03/2025,14600,0.0103,
15/03/2025,14600,0.0103,
16/03/2025,14600,0.0103,
17/03/2025,14600,0.0103,
18/03/2025,14600,0.0103,
19/03/2025,14600,0.0103,
20/03/2025,14600,0.0103,
21/03/2025,14600,0.0103,
22/03/2025,14600,0.0103,
23/03/2025,14600,0.0103,
24/03/2025,14600,0.0103,
25/03/2025,14600,0.0103,
26/03/2025,14600,0.0103,
27/03/2025,14600,0.0103,
28/03/2025,14600,0.0103,
29/03/2025,14600,0.0103,
30/03/2025,14600,0.0103,
31/03/2025,14600,0.0103,
01/04/2025,,,14600.30994
02/04/2025,,,14600.30994
03/04/2025,,,14600.30994
04/04/2025,,,14600.30994
05/04/2025,,,14600.30994
06/04/2025,,,14600.30994
07/04/2025,,,14600.30994
08/04/2025,,,14600.30994
09/04/2025,,,14600.30994
10/04/2025,,,14600.30994
11/04/2025,,,14600.30994
12/04/2025,,,14600.30994
13/04/2025,,,14600.30994
14/04/2025,,,14600.30994
15/04/2025,,,14600.30994
16/04/2025,,,14600.30994
17/04/2025,,,14600.30994
18/04/2025,,,14600.30994
19/04/2025,,,14600.30994
20/04/2025,,,14600.30994
21/04/2025,,,14600.30994
22/04/2025,,,14600.30994
23/04/2025,,,14600.30994
24/04/2025,,,14600.30994
25/04/2025,,,14600.30994
26/04/2025,,,14600.30994
27/04/2025,,,14600.30994
28/04/2025,,,14600.30994
29/04/2025,,,14600.30994
30/04/2025,,,14600.30994
01/05/2025,,,14600.30994
02/05/2025,,,14600.30994
03/05/2025,,,14600.30994
04/05/2025,,,14600.30994
05/05/2025,,,14600.30994
06/05/2025,,,14600.30994
07/05/2025,,,14600.30994
08/05/2025,,,14600.30994
09/05/2025,,,14600.30994
10/05/2025,,,14600.30994
11/05/2025,,,14600.30994
12/05/2025,,,14600.30994
13/05/2025,,,14600.30994
14/05/2025,,,14600.30994
15/05/2025,,,14600.30994
16/05/2025,,,14600.30994
17/05/2025,,,14600.30994
18/05/2025,,,14600.30994
19/05/2025,,,14600.30994
20/05/2025,,,14600.30994
21/05/2025,,,14600.30994
22/05/2025,,,14600.30994
23/05/2025,,,14600.30994
24/05/2025,,,14600.30994
25/05/2025,,,14600.30994
26/05/2025,,,14600.30994
27/05/2025,,,14600.30994
28/05/2025,,,14600.30994
29/05/2025,,,14600.30994
30/05/2025,,,14600.30994
31/05/2025,,,14600.30994
01/06/2025,,,14600.30994
02/06/2025,,,14600.30994
03/06/2025,,,14600.30994
04/06/2025,,,14600.30994
05/06/2025,,,14600.30994
06/06/2025,,,14600.30994
07/06/2025,,,14600.30994
08/06/2025,,,14600.30994
09/06/2025,,,14600.30994
10/06/2025,,,14600.30994
11/06/2025,,,14600.30994
12/06/2025,,,14600.30994
13/06/2025,,,14600.30994
14/06/2025,,,14600.30994
15/06/2025,,,14600.30994
16/06/2025,,,14600.30994
17/06/2025,,,14600.30994
18/06/2025,,,14600.30994
19/06/2025,,,14600.30994
20/06/2025,,,14600.30994
21/06/2025,,,14600.30994
22/06/2025,,,14600.30994
23/06/2025,,,14600.30994
24/06/2025,,,14600.30994
25/06/2025,,,14600.30994
26/06/2025,,,14600.30994
27/06/2025,,,14600.30994
28/06/2025,,,14600.30994
29/06/2025,,,14600.30994
30/06/2025,,,14600.30994
01/07/2025,,,14600.30994
02/07/2025,,,14600.30994
03/07/2025,,,14600.30994
04/07/2025,,,14600.30994
05/07/2025,,,14600.30994
06/07/2025,,,14600.30994
07/07/2025,,,14600.30994
08/07/2025,,,14600.30994
09/07/2025,,,14600.30994
10/07/2025,,,14600.30994
11/07/2025,,,14600.30994
12/07/2025,,,14600.30994
13/07/2025,,,14600.30994
14/07/2025,,,14600.30994
15/07/2025,,,14600.30994
16/07/2025,,,14600.30994
17/07/2025,,,14600.30994
18/07/2025,,,14600.30994
19/07/2025,,,14600.30994
20/07/2025,,,14600.30994
21/07/2025,,,14600.30994
22/07/2025,,,14600.30994
23/07/2025,,,14600.30994
24/07/2025,,,14600.30994
25/07/2025,,,14600.30994
26/07/2025,,,14600.30994
27/07/2025,,,14600.30994
28/07/2025,,,14600.30994
29/07/2025,,,14600.30994
30/07/2025,,,14600.30994
31/07/2025,,,14600.30994
01/08/2025,,,14600.30994
02/08/2025,,,14600.30994
03/08/2025,,,14600.30994
04/08/2025,,,14600.30994
05/08/2025,,,14600.30994
06/08/2025,,,14600.30994
07/08/2025,,,14600.30994
08/08/2025,,,14600.30994
09/08/2025,,,14600.30994
10/08/2025,,,14600.30994
11/08/2025,,,14600.30994
12/08/2025,,,14600.30994
13/08/2025,,,14600.30994
14/08/2025,,,14600.30994
15/08/2025,,,14600.30994
16/08/2025,,,14600.30994
17/08/2025,,,14600.30994
18/08/2025,,,14600.30994
19/08/2025,,,14600.30994
20/08/2025,,,14600.30994
21/08/2025,,,14600.30994
22/08/2025,,,14600.30994
23/08/2025,,,14600.30994
24/08/2025,,,14600.30994
25/08/2025,,,14600.30994
26/08/2025,,,14600.30994
27/08/2025,,,14600.30994
28/08/2025,,,14600.30994
29/08/2025,,,14600.30994
30/08/2025,,,14600.30994
31/08/2025,,,14600.30994
01/09/2025,,,14600.30994
02/09/2025,,,14600.30994
03/09/2025,,,14600.30994
04/09/2025,,,14600.30994
05/09/2025,,,14600.30994
06/09/2025,,,14600.30994
07/09/2025,,,14600.30994
08/09/2025,,,14600.30994
09/09/2025,,,14600.30994
10/09/2025,,,14600.30994
11/09/2025,,,14600.30994
12/09/2025,,,14600.30994
13/09/2025,,,14600.30994
14/09/2025,,,14600.30994
15/09/2025,,,14600.30994
16/09/2025,,,14600.30994
17/09/2025,,,14600.30994
18/09/2025,,,14600.30994
19/09/2025,,,14600.30994
20/09/2025,,,14600.30994
21/09/2025,,,14600.30994
22/09/2025,,,14600.30994
23/09/2025,,,14600.30994
24/09/2025,,,14600.30994
25/09/2025,,,14600.30994
26/09/2025,,,14600.30994
27/09/2025,,,14600.30994
28/09/2025,,,14600.30994
29/09/2025,,,14600.30994
30/09/2025,,,14600.30994
01/10/2025,,,14600.30994
02/10/2025,,,14600.30994
03/10/2025,,,14600.30994
04/10/2025,,,14600.30994
05/10/2025,,,14600.30994
06/10/2025,,,14600.30994
07/10/2025,,,14600.30994
08/10/2025,,,14600.30994
09/10/2025,,,14600.30994
10/10/2025,,,14600.30994
11/10/2025,,,14600.30994
12/10/2025,,,14600.30994
13/10/2025,,,14600.30994
14/10/2025,,,14600.30994
15/10/2025,,,14600.30994
16/10/2025,,,14600.30994
17/10/2025,,,14600.30994
18/10/2025,,,14600.30994
19/10/2025,,,14600.30994
20/10/2025,,,14600.30994
21/10/2025,,,14600.30994
22/10/2025,,,14600.30994
23/10/2025,,,14600.30994
24/10/2025,,,14600.30994
25/10/2025,,,14600.30994
26/10/2025,,,14600.30994
27/10/2025,,,14600.30994
28/10/2025,,,14600.30994
29/10/2025,,,14600.30994
30/10/2025,,,14600.30994
31/10/2025,,,14600.30994
01/11/2025,,,14600.30994
02/11/2025,,,14600.30994
03/11/2025,,,14600.30994
04/11/2025,,,14600.30994
05/11/2025,,,14600.30994
06/11/2025,,,14600.30994
07/11/2025,,,14600.30994
08/11/2025,,,14600.30994
09/11/2025,,,14600.30994
10/11/2025,,,14600.30994
11/11/2025,,,14600.30994
12/11/2025,,,14600.30994
13/11/2025,,,14600.30994
14/11/2025,,,14600.30994
15/11/2025,,,14600.30994
16/11/2025,,,14600.30994
17/11/2025,,,14600.30994
18/11/2025,,,14600.30994
19/11/2025,,,14600.30994
20/11/2025,,,14600.30994
21/11/2025,,,14600.30994
22/11/2025,,,14600.30994
23/11/2025,,,14600.30994
24/11/2025,,,14600.30994
25/11/2025,,,14600.30994
26/11/2025,,,14600.30994
27/11/2025,,,14600.30994
28/11/2025,,,14600.30994
29/11/2025,,,14600.30994
30/11/2025,,,14600.30994
01/12/2025,,,14600.30994
02/12/2025,,,14600.30994
03/12/2025,,,14600.30994
04/12/2025,,,14600.30994
05/12/2025,,,14600.30994
06/12/2025,,,14600.30994
07/12/2025,,,14600.30994
08/12/2025,,,14600.30994
09/12/2025,,,14600.30994
10/12/2025,,,14600.30994
11/12/2025,,,14600.30994
12/12/2025,,,14600.30994
13/12/2025,,,14600.30994
14/12/2025,,,14600.30994
15/12/2025,,,14600.30994
16/12/2025,,,14600.30994
17/12/2025,,,14600.30994
18/12/2025,,,14600.30994
19/12/2025,,,14600.30994
20/12/2025,,,14600.30994
21/12/2025,,,14600.30994
22/12/2025,,,14600.30994
23/12/2025,,,14600.30994
24/12/2025,,,14600.30994
25/12/2025,,,14600.30994
26/12/2025,,,14600.30994
27/12/2025,,,14600.30994
28/12/2025,,,14600.30994
29/12/2025,,,14600.30994
30/12/2025,,,14600.30994
31/12/2025,,,14600.30994
01/01/2026,,,14600.30994
02/01/2026,,,14600.30994
03/01/2026,,,14600.30994
04/01/2026,,,14600.30994
05/01/2026,,,14600.30994
06/01/2026,,,14600.30994
07/01/2026,,,14600.30994
08/01/2026,,,14600.30994
09/01/2026,,,14600.30994
10/01/2026,,,14600.30994
11/01/2026,,,14600.30994
12/01/2026,,,14600.30994
13/01/2026,,,14600.30994
14/01/2026,,,14600.30994
15/01/2026,,,14600.30994
16/01/2026,,,14600.30994
17/01/2026,,,14600.30994
18/01/2026,,,14600.30994
19/01/2026,,,14600.30994
20/01/2026,,,14600.30994
21/01/2026,,,14600.30994
22/01/2026,,,14600.30994
23/01/2026,,,14600.30994
24/01/2026,,,14600.30994
25/01/2026,,,14600.30994
26/01/2026,,,14600.30994
27/01/2026,,,14600.30994
28/01/2026,,,14600.30994
29/01/2026,,,14600.30994
30/01/2026,,,14600.30994
31/01/2026,,,14600.30994
01/02/2026,,,14600.30994
02/02/2026,,,14600.30994
03/02/2026,,,14600.30994
04/02/2026,,,14600.30994
05/02/2026,,,14600.30994
06/02/2026,,,14600.30994
07/02/2026,,,14600.30994
08/02/2026,,,14600.30994
09/02/2026,,,14600.30994
10/02/2026,,,14600.30994
11/02/2026,,,14600.30994
12/02/2026,,,14600.30994
13/02/2026,,,14600.30994
14/02/2026,,,14600.30994
15/02/2026,,,14600.30994
16/02/2026,,,14600.30994
17/02/2026,,,14600.30994
18/02/2026,,,14600.30994
19/02/2026,,,14600.30994
20/02/2026,,,14600.30994
21/02/2026,,,14600.30994
22/02/2026,,,14600.30994
23/02/2026,,,14600.30994
24/02/2026,,,14600.30994
25/02/2026,,,14600.30994
26/02/2026,,,14600.30994
27/02/2026,,,14600.30994
28/02/2026,,,14600.30994
01/03/2026,,,14600.30994
02/03/2026,,,14600.30994
03/03/2026,,,14600.30994
04/03/2026,,,14600.30994
05/03/2026,,,14600.30994
06/03/2026,,,14600.30994
07/03/2026,,,14600.30994
08/03/2026,,,14600.30994
09/03/2026,,,14600.30994
10/03/2026,,,14600.30994
11/03/2026,,,14600.30994
12/03/2026,,,14600.30994
13/03/2026,,,14600.30994
14/03/2026,,,14600.30994
15/03/2026,,,14600.30994
16/03/2026,,,14600.30994
17/03/2026,,,14600.30994
18/03/2026,,,14600.30994
19/03/2026,,,14600.30994
20/03/2026,,,14600.30994
21/03/2026,,,14600.30994
22/03/2026,,,14600.30994
23/03/2026,,,14600.30994
24/03/2026,,,14600.30994
25/03/2026,,,14600.30994
26/03/2026,,,14600.30994
27/03/2026,,,14600.30994
28/03/2026,,,14600.30994
29/03/2026,,,14600.30994
30/03/2026,,,14600.30994
31/03/2026,,,14600.30994
